congress,chamber,icpsr,state_icpsr,district_code,state_abbrev,party_code,occupancy,last_means,bioname,bioguide_id,born,died,nominate_dim1,nominate_dim2,nominate_log_likelihood,nominate_geo_mean_probability,nominate_number_of_votes,nominate_number_of_errors,conditional,nokken_poole_dim1,nokken_poole_dim2
118,House,20301,41,3,AL,200,,,"ROGERS, Mike Dennis",R000575,1958,,0.377,0.384,-134.22697,0.82437,695,66,,0.445,0.292
118,House,21102,41,7,AL,100,,,"SEWELL, Terri",S001185,1965,,-0.398,0.4,-30.51307,0.95393,647,12,,-0.516,0.41
118,House,21500,41,6,AL,200,,,"PALMER, Gary James",P000609,1954,,0.679,0.102,-57.32691,0.92039,691,30,,0.692,0.14
118,House,22108,41,1,AL,200,,,"CARL, Jerry L.",C001054,1958,,0.548,0.275,-82.53912,0.88847,698,38,,0.599,0.257
118,House,22140,41,2,AL,200,,,"MOORE, Barry",M001212,1966,,0.645,-0.171,-56.33097,0.92247,698,20,,0.74,-0.169
118,House,22366,41,5,AL,200,,,"STRONG, Dale",S001220,1970,,0.62,0.338,-79.03972,0.89206,692,32,,0.62,0.337
118,House,29701,41,4,AL,200,,,"ADERHOLT, Robert",A000055,1965,,0.403,0.479,-134.39949,0.82114,682,71,,0.457,0.18
118,House,22168,81,1,AK,100,,,"PELTOLA, Mary Sattler",P000619,1973,,-0.16,0.407,-119.99277,0.79671,528,61,,-0.098,0.067
118,House,21995,93,0,AS,200,,,"RADEWAGEN, Aumua Amata Coleman",R000600,1947,,0.336,0.208,-46.52526,0.75558,166,21,,0.323,0.18
118,House,20305,61,7,AZ,100,,,"GRIJALVA, Raúl M.",G000551,1948,,-0.598,-0.264,-34.93078,0.95021,684,15,,-0.573,-0.39
118,House,21103,61,9,AZ,200,,,"GOSAR, Paul",G000565,1958,,0.699,-0.499,-47.8247,0.93304,690,16,,0.754,-0.657
118,House,21105,61,1,AZ,200,,,"SCHWEIKERT, David",S001183,1962,,0.561,-0.251,-182.10993,0.76949,695,60,,0.487,-0.177
118,House,21502,61,3,AZ,100,,,"GALLEGO, Ruben",G000574,1979,,-0.418,0.069,-56.45679,0.90933,594,22,,-0.298,0.192
118,House,21705,61,5,AZ,200,,,"BIGGS, Andrew S.",B001302,1958,,0.827,-0.562,-81.75606,0.88902,695,36,,0.703,-0.711
118,House,21757,61,8,AZ,200,,,"LESKO, Debbie",L000589,1958,,0.614,-0.077,-65.46532,0.90055,625,29,,0.633,-0.012
118,House,21968,61,4,AZ,100,,,"STANTON, Greg",S001211,1970,,-0.284,0.247,-49.15772,0.93218,700,21,,-0.299,0.444
118,House,22309,61,6,AZ,200,,,"CISCOMANI, Juan",C001133,1982,,0.302,0.788,-41.03363,0.94226,690,20,,0.302,0.788
118,House,22311,61,2,AZ,200,,,"CRANE, Eli",C001132,1980,,0.72,-0.694,-66.01405,0.90876,690,30,,0.719,-0.695
118,House,21106,42,1,AR,200,,,"CRAWFORD, Rick",C001087,1966,,0.457,0.32,-106.72643,0.85708,692,40,,0.439,0.072
118,House,21108,42,3,AR,200,,,"WOMACK, Steve",W000809,1957,,0.348,0.621,-54.73094,0.92479,700,20,,0.361,0.866
118,House,21503,42,2,AR,200,,,"HILL, French",H001072,1956,,0.437,0.27,-106.72562,0.85765,695,45,,0.446,0.296
118,House,21563,42,4,AR,200,,,"WESTERMAN, Bruce Eugene",W000821,1967,,0.55,0.305,-69.34264,0.9053,697,35,,0.534,0.185
118,House,15448,71,11,CA,100,,,"PELOSI, Nancy",P000197,1940,,-0.49,-0.197,-19.31723,0.96947,623,7,,-0.596,0.226
118,House,20104,71,30,CA,100,,,"SCHIFF, Adam",S001150,1960,,-0.35,-0.133,-21.07261,0.96975,686,7,,-0.369,-0.096
118,House,20107,71,48,CA,200,,,"ISSA, Darrell",I000056,1953,,0.484,-0.001,-100.20012,0.86447,688,42,,0.467,0.119
118,House,20310,71,38,CA,100,,,"SÁNCHEZ, Linda T.",S001156,1969,,-0.508,-0.135,-25.21951,0.96401,688,12,,-0.58,-0.042
118,House,20501,71,21,CA,100,,,"COSTA, Jim",C001059,1952,,-0.196,0.458,-87.89567,0.87513,659,39,,-0.315,0.69
118,House,20538,71,7,CA,100,,,"MATSUI, Doris",M001163,1944,,-0.435,-0.146,-18.92316,0.97302,692,6,,-0.508,0.134
118,House,20703,71,20,CA,200,,,"MCCARTHY, Kevin",M001165,1965,,0.453,0.233,-71.46574,0.82262,366,36,,0.381,0.07
118,House,20903,71,5,CA,200,,,"McCLINTOCK, Tom",M001177,1956,,0.682,-0.401,-126.45631,0.83408,697,46,,0.556,-0.395
118,House,20955,71,28,CA,100,,,"CHU, Judy",C001080,1953,,-0.489,-0.379,-18.56004,0.97327,685,7,,-0.493,-0.425
118,House,20958,71,8,CA,100,,,"GARAMENDI, John",G000559,1945,,-0.309,-0.096,-49.37704,0.93075,688,17,,-0.317,-0.065
118,House,21302,71,1,CA,200,,,"LaMALFA, Doug",L000578,1960,,0.538,0.026,-86.97656,0.87977,679,36,,0.582,0.014
118,House,21303,71,2,CA,100,,,"HUFFMAN, Jared",H001068,1964,,-0.428,-0.527,-46.84443,0.93324,678,20,,-0.407,-0.492
118,House,21304,71,6,CA,100,,,"BERA, Ami",B001287,1965,,-0.241,0.013,-41.65621,0.94199,697,16,,-0.364,0.156
118,House,21306,71,14,CA,100,,,"SWALWELL, Eric",S001193,1980,,-0.362,-0.077,-29.39296,0.95504,639,12,,-0.353,0.129
118,House,21307,71,22,CA,200,,,"VALADAO, David G.",V000129,1977,,0.26,0.424,-50.4515,0.93027,698,17,,0.28,0.732
118,House,21308,71,26,CA,100,,,"BROWNLEY, Julia",B001285,1952,,-0.294,0.051,-26.68654,0.96222,693,8,,-0.397,0.077
118,House,21309,71,29,CA,100,,,"CÁRDENAS, Tony",C001097,1963,,-0.395,-0.003,-40.2653,0.94251,680,18,,-0.663,0.051
118,House,21311,71,25,CA,100,,,"RUIZ, Raul",R000599,1972,,-0.252,0.049,-40.63463,0.94321,695,14,,-0.364,0.01
118,House,21312,71,39,CA,100,,,"TAKANO, Mark",T000472,1960,,-0.465,-0.293,-27.23176,0.96152,694,13,,-0.47,-0.423
118,House,21314,71,52,CA,100,,,"VARGAS, Juan",V000130,1961,,-0.404,0.048,-44.65987,0.93733,690,17,,-0.425,-0.282
118,House,21315,71,50,CA,100,,,"PETERS, Scott",P000608,1958,,-0.188,-0.032,-47.88659,0.93295,690,16,,-0.271,-0.001
118,House,21504,71,10,CA,100,,,"DESAULNIER, Mark James",D000623,1952,,-0.523,-0.372,-29.87633,0.95695,679,14,,-0.453,-0.427
118,House,21506,71,33,CA,100,,,"AGUILAR, Peter Rey",A000371,1979,,-0.31,0.141,-37.10652,0.94815,697,17,,-0.53,0.356
118,House,21507,71,36,CA,100,,,"LIEU, Ted",L000582,1969,,-0.374,-0.229,-40.78014,0.94204,683,18,,-0.388,-0.092
118,House,21508,71,35,CA,100,,,"TORRES, Norma Judith",T000474,1965,,-0.363,0.046,-29.72903,0.95813,695,8,,-0.345,0.004
118,House,21703,71,44,CA,100,,,"BARRAGÁN, Nanette Diaz",B001300,1976,,-0.506,-0.105,-29.66058,0.9581,693,14,,-0.428,-0.404
118,House,21709,71,24,CA,100,,,"CARBAJAL, Salud",C001112,1964,,-0.31,0.101,-23.22678,0.96736,700,7,,-0.387,0.15
118,House,21711,71,46,CA,100,,,"CORREA, Jose Luis",C001110,1958,,-0.29,0.234,-78.67724,0.88778,661,30,,-0.347,0.178
118,House,21728,71,17,CA,100,,,"KHANNA, Rohit",K000389,1976,,-0.504,-0.255,-43.81945,0.93907,697,16,,-0.352,-0.296
118,House,21740,71,19,CA,100,,,"PANETTA, James Varni",P000613,1969,,-0.288,0.126,-65.8741,0.90982,697,29,,-0.259,0.228
118,House,21754,71,34,CA,100,,,"GOMEZ, Jimmy",G000585,1974,,-0.542,-0.302,-37.14197,0.94745,688,17,,-0.394,-0.548
118,House,21930,71,9,CA,100,,,"HARDER, Josh",H001090,1986,,-0.352,0.572,-50.04782,0.9309,699,21,,-0.311,0.415
118,House,21939,71,49,CA,100,,,"LEVIN, Mike",L000593,1978,,-0.338,0.156,-34.10021,0.95239,699,15,,-0.304,0.095
118,House,21954,71,47,CA,100,,,"PORTER, Katie",P000618,1974,,-0.224,-0.278,-54.59808,0.92263,678,22,,-0.351,-0.386
118,House,21988,71,27,CA,200,,,"GARCIA, Mike",G000061,1976,,0.362,0.067,-124.56358,0.83613,696,54,,0.348,0.025
118,House,22126,71,51,CA,100,,,"JACOBS, Sara",J000305,1989,,-0.388,-0.453,-28.16561,0.96006,691,11,,-0.432,-0.454
118,House,22129,71,40,CA,200,,,"KIM, Young",K000397,1962,,0.259,0.371,-68.35644,0.90568,690,27,,0.257,0.487
118,House,22145,71,23,CA,200,,,"OBERNOLTE, Jay",O000019,1970,,0.313,0.28,-101.35839,0.86393,693,29,,0.306,0.282
118,House,22152,71,45,CA,200,,,"STEEL, Michelle",S001135,1955,,0.364,0.38,-89.03366,0.87976,695,28,,0.384,0.471
118,House,22317,71,13,CA,200,,,"DUARTE, John",D000633,1966,,0.356,-0.032,-134.54375,0.82354,693,47,,0.356,-0.032
118,House,22323,71,42,CA,100,,,"GARCIA, Robert",G000598,1977,,-0.42,-0.621,-31.42293,0.95567,693,14,,-0.42,-0.622
118,House,22333,71,37,CA,100,,,"KAMLAGER-DOVE, Sydney",K000400,1972,,-0.619,-0.474,-27.31352,0.96102,687,17,,-0.619,-0.475
118,House,22336,71,3,CA,200,,,"KILEY, Kevin",K000401,1985,,0.253,0.524,-58.90002,0.91908,698,24,,0.253,0.524
118,House,22354,71,15,CA,100,,,"MULLIN, Kevin",M001225,1970,,-0.557,0.139,-20.78903,0.96867,653,6,,-0.557,0.139
118,House,29106,71,43,CA,100,,,"WATERS, Maxine",W000187,1938,,-0.656,-0.079,-35.86283,0.94848,678,16,,-0.551,-0.264
118,House,29312,71,16,CA,100,,,"ESHOO, Anna Georges",E000215,1942,,-0.38,-0.397,-33.81769,0.95244,694,16,,-0.43,0.058
118,House,29323,71,41,CA,200,,,"CALVERT, Ken",C000059,1953,,0.341,0.263,-68.99603,0.90601,699,19,,0.336,0.68
118,House,29504,71,18,CA,100,,,"LOFGREN, Zoe",L000397,1947,,-0.399,-0.419,-50.68623,0.92745,673,21,,-0.326,-0.217
118,House,29707,71,32,CA,100,,,"SHERMAN, Brad",S000344,1954,,-0.343,-0.141,-33.71497,0.95238,691,11,,-0.428,0.005
118,House,29778,71,12,CA,100,,,"LEE, Barbara",L000551,1946,,-0.677,-0.569,-24.28203,0.96414,665,8,,-0.516,-0.555
118,House,29901,71,4,CA,100,,,"THOMPSON, Michael",T000460,1951,,-0.393,0.068,-39.12758,0.94549,698,15,,-0.359,0.108
118,House,29903,71,31,CA,100,,,"NAPOLITANO, Grace Flores",N000179,1936,,-0.449,-0.245,-20.45819,0.96916,653,9,,-0.539,-0.084
118,House,20704,62,5,CO,200,,,"LAMBORN, Doug",L000564,1954,,0.667,0.232,-70.02184,0.90429,696,33,,0.723,0.392
118,House,21510,62,4,CO,200,,,"BUCK, Kenneth Robert",B001297,1959,,0.656,-0.431,-360.57559,0.58098,664,100,,0.414,-0.461
118,House,21912,62,6,CO,100,,,"CROW, Jason",C001121,1979,,-0.319,0.209,-37.31253,0.94751,692,16,,-0.43,-0.017
118,House,21948,62,2,CO,100,,,"NEGUSE, Joseph",N000191,1984,,-0.396,-0.215,-17.92201,0.97472,700,6,,-0.434,-0.005
118,House,22103,62,3,CO,200,,,"BOEBERT, Lauren",B000825,1986,,0.747,-0.508,-77.53809,0.89072,670,35,,0.652,-0.475
118,House,22306,62,8,CO,100,,,"CARAVEO, Yadira",C001134,1980,,-0.272,0.581,-61.56302,0.91581,700,24,,-0.272,0.574
118,House,22359,62,7,CO,100,,,"PETTERSEN, Brittany",P000620,1981,,-0.352,0.266,-23.8552,0.96635,697,8,,-0.352,0.268
118,House,29710,62,1,CO,100,,,"DeGETTE, Diana",D000197,1957,,-0.431,-0.303,-25.97813,0.96316,692,13,,-0.398,-0.271
118,House,20706,1,2,CT,100,,,"COURTNEY, Joe",C001069,1953,,-0.34,0.03,-39.78633,0.94413,692,16,,-0.316,0.221
118,House,20907,1,4,CT,100,,,"HIMES, James A.",H001047,1966,,-0.24,-0.226,-58.20549,0.91966,695,26,,-0.228,-0.138
118,House,21931,1,5,CT,100,,,"HAYES, Jahana",H001081,1973,,-0.316,-0.132,-39.32898,0.94514,697,19,,-0.289,-0.12
118,House,29109,1,3,CT,100,,,"DeLAURO, Rosa L.",D000216,1943,,-0.414,-0.116,-41.08563,0.94236,692,15,,-0.349,-0.169
118,House,29908,1,1,CT,100,,,"LARSON, John B.",L000557,1948,,-0.396,-0.047,-35.22075,0.9496,681,13,,-0.37,-0.064
118,House,21706,11,1,DE,100,,,"BLUNT ROCHESTER, Lisa",B001303,1962,,-0.347,-0.153,-25.95227,0.96277,684,10,,-0.414,-0.164
118,House,21993,55,0,DC,100,,,"NORTON, Eleanor Holmes",N000147,1937,,-0.497,-0.053,-12.27426,0.96917,392,4,,-0.476,-0.1
118,House,20316,43,26,FL,200,,,"DIAZ-BALART, Mario",D000600,1961,,0.284,0.141,-86.35319,0.88252,691,36,,0.335,0.389
118,House,20504,43,25,FL,100,,,"WASSERMAN SCHULTZ, Debbie",W000797,1966,,-0.416,0.088,-38.56007,0.94603,695,14,,-0.351,0.159
118,House,20708,43,14,FL,100,,,"CASTOR, Kathy",C001066,1966,,-0.437,0.06,-24.86618,0.9645,688,11,,-0.411,0.146
118,House,20709,43,16,FL,200,,,"BUCHANAN, Vernon G.",B001260,1951,,0.362,-0.095,-110.28937,0.84885,673,50,,0.394,0.066
118,House,20758,43,12,FL,200,,,"BILIRAKIS, Gus",B001257,1963,,0.419,-0.017,-123.53261,0.83564,688,63,,0.511,0.029
118,House,20909,43,8,FL,200,,,"POSEY, Bill",P000599,1947,,0.531,-0.351,-80.01839,0.88821,675,29,,0.596,-0.43
118,House,21116,43,11,FL,200,,,"WEBSTER, Daniel A.",W000806,1949,,0.525,-0.094,-87.44976,0.87798,672,37,,0.508,-0.112
118,House,21118,43,24,FL,100,,,"WILSON, Frederica",W000808,1942,,-0.477,-0.012,-28.61606,0.95744,658,8,,-0.454,-0.051
118,House,21321,43,22,FL,100,,,"FRANKEL, Lois",F000462,1948,,-0.397,-0.054,-34.42661,0.95126,689,14,,-0.386,0.125
118,House,21714,43,2,FL,200,,,"DUNN, Neal Patrick",D000628,1953,,0.503,0.371,-92.50448,0.87504,693,45,,0.495,0.365
118,House,21719,43,1,FL,200,,,"GAETZ, Matthew L. II",G000578,1982,,0.598,-0.646,-118.14835,0.84325,693,51,,0.571,-0.75
118,House,21735,43,21,FL,200,,,"MAST, Brian Jeffery",M001199,1980,,0.462,-0.359,-103.4684,0.86075,690,42,,0.481,-0.209
118,House,21744,43,5,FL,200,,,"RUTHERFORD, John Henry",R000609,1952,,0.426,0.068,-107.94733,0.85576,693,49,,0.41,0.091
118,House,21746,43,9,FL,100,,,"SOTO, Darren Michael",S001200,1978,,-0.361,0.167,-34.83051,0.95132,698,12,,-0.309,0.162
118,House,21971,43,17,FL,200,,,"STEUBE, William",S001214,1978,,0.689,-0.284,-38.13036,0.93813,597,13,,0.752,-0.298
118,House,21981,43,6,FL,200,,,"WALTZ, Michael",W000823,1974,,0.442,-0.117,-80.9423,0.88291,650,39,,0.557,-0.052
118,House,22107,43,3,FL,200,,,"CAMMACK, Kat",C001039,1988,,0.591,-0.198,-57.70091,0.9183,677,21,,0.585,-0.217
118,House,22111,43,19,FL,200,,,"DONALDS, Byron",D000032,1978,,0.643,-0.218,-46.72642,0.93425,687,18,,0.664,-0.328
118,House,22116,43,18,FL,200,,,"FRANKLIN, C. Scott",F000472,1964,,0.603,0.096,-66.16588,0.90931,696,32,,0.607,0.064
118,House,22118,43,28,FL,200,,,"GIMENEZ, Carlos A.",G000593,1954,,0.333,0.098,-96.5838,0.86723,678,35,,0.359,0.146
118,House,22150,43,27,FL,200,,,"SALAZAR, Maria Elvira",S000168,1961,,0.269,0.148,-111.12789,0.84263,649,40,,0.297,0.297
118,House,22163,43,20,FL,100,,,"CHERFILUS-MCCORMICK, Sheila",C001127,1979,,-0.575,0.239,-24.91795,0.96438,687,9,,-0.531,0.097
118,House,22302,43,4,FL,200,,,"BEAN, Aaron",B001314,1967,,0.694,-0.071,-53.93918,0.92563,698,25,,0.696,-0.063
118,House,22321,43,10,FL,100,,,"FROST, Maxwell",F000476,1997,,-0.501,-0.728,-24.9648,0.96487,698,8,,-0.501,-0.729
118,House,22341,43,15,FL,200,,,"LEE, Laurel",L000597,1974,,0.408,0.432,-84.95629,0.88525,697,36,,0.408,0.432
118,House,22343,43,13,FL,200,,,"LUNA, Anna",L000596,1989,,0.591,-0.565,-57.92432,0.90223,563,22,,0.589,-0.558
118,House,22350,43,7,FL,200,,,"MILLS, Cory",M001216,1980,,0.593,-0.249,-62.32416,0.91458,698,22,,0.594,-0.255
118,House,22353,43,23,FL,100,,,"MOSKOWITZ, Jared",M001217,1980,,-0.215,0.299,-60.69899,0.91326,669,24,,-0.215,0.302
118,House,20321,44,13,GA,100,,,"SCOTT, David",S001157,1945,,-0.304,0.168,-46.9479,0.93422,690,15,,-0.412,0.429
118,House,20712,44,4,GA,100,,,"JOHNSON, Hank",J000288,1954,,-0.473,-0.025,-71.84774,0.89987,681,25,,-0.815,0.092
118,House,21123,44,8,GA,200,,,"SCOTT, Austin",S001189,1969,,0.535,0.354,-127.14517,0.83303,696,59,,0.475,0.546
118,House,21513,44,1,GA,200,,,"CARTER, Buddy",C001103,1957,,0.562,0.317,-87.86481,0.88124,695,38,,0.623,0.509
118,House,21515,44,11,GA,200,,,"LOUDERMILK, Barry D.",L000583,1963,,0.682,-0.003,-74.29524,0.89679,682,34,,0.668,0.019
118,House,21516,44,12,GA,200,,,"ALLEN, Rick W.",A000372,1951,,0.692,0.291,-78.14535,0.89408,698,40,,0.635,0.381
118,House,21717,44,3,GA,200,,,"FERGUSON, Anderson Drew IV",F000465,1966,,0.597,0.22,-86.50729,0.88281,694,36,,0.611,0.446
118,House,21944,44,7,GA,100,,,"McBATH, Lucy",M001208,1960,,-0.322,0.258,-39.90861,0.9434,685,19,,-0.459,0.147
118,House,22110,44,9,GA,200,,,"CLYDE, Andrew S.",C001116,1963,,0.841,-0.06,-74.91248,0.89768,694,35,,0.991,0.133
118,House,22121,44,14,GA,200,,,"GREENE, Marjorie Taylor",G000596,1974,,0.8,-0.6,-97.58444,0.86502,673,37,,0.694,-0.451
118,House,22156,44,5,GA,100,,,"WILLIAMS, Nikema",W000788,1978,,-0.425,-0.376,-28.76766,0.95962,698,11,,-0.446,-0.35
118,House,22310,44,10,GA,200,,,"COLLINS, Mike",C001129,1967,,0.661,-0.32,-52.70348,0.92717,697,22,,0.663,-0.317
118,House,22346,44,6,GA,200,,,"MCCORMICK, Rich",M001218,1968,,0.86,0.51,-101.11314,0.86496,697,49,,0.862,0.508
118,House,29339,44,2,GA,100,,,"BISHOP, Sanford Dixon, Jr.",B000490,1947,,-0.285,0.454,-58.67676,0.91915,696,26,,-0.405,0.443
118,House,22373,94,0,GU,200,,,"MOYLAN, James",M001219,1962,,0.434,0.396,-89.82562,0.73442,291,44,,0.434,0.396
118,House,20322,82,1,HI,100,,,"CASE, Ed",C001055,1952,,-0.198,-0.083,-59.54512,0.91778,694,24,,-0.227,0.033
118,House,22369,82,2,HI,100,,,"TOKUDA, Jill",T000487,1976,,-0.454,-0.432,-23.83364,0.96648,699,8,,-0.454,-0.432
118,House,21920,63,1,ID,200,,,"FULCHER, Russell",F000469,1962,,0.639,-0.039,-69.42451,0.90494,695,26,,0.642,-0.114
118,House,29910,63,2,ID,200,,,"SIMPSON, Michael K.",S001148,1950,,0.297,0.307,-70.0945,0.90246,683,21,,0.302,0.553
118,House,20749,21,11,IL,100,,,"FOSTER, Bill",F000454,1955,,-0.233,-0.215,-43.45513,0.9393,694,17,,-0.329,0.024
118,House,20954,21,5,IL,100,,,"QUIGLEY, Mike",Q000023,1958,,-0.324,-0.259,-38.69028,0.94485,682,9,,-0.41,-0.065
118,House,21326,21,10,IL,100,,,"SCHNEIDER, Brad",S001190,1961,,-0.187,-0.14,-49.36498,0.92988,679,23,,-0.268,0.059
118,House,21371,21,2,IL,100,,,"KELLY, Robin L.",K000385,1956,,-0.467,-0.023,-20.75829,0.96894,658,10,,-0.527,-0.102
118,House,21519,21,12,IL,200,,,"BOST, Mike",B001295,1960,,0.384,0.031,-136.34855,0.82163,694,67,,0.536,-0.021
118,House,21562,21,16,IL,200,,,"LaHOOD, Darin",L000585,1968,,0.458,0.217,-114.91704,0.84535,684,46,,0.448,0.201
118,House,21730,21,8,IL,100,,,"KRISHNAMOORTHI, S. Raja",K000391,1973,,-0.328,-0.03,-29.48724,0.95858,697,11,,-0.397,0.111
118,House,21906,21,6,IL,100,,,"CASTEN, Sean",C001117,1971,,-0.652,0.497,-44.16591,0.93791,689,16,,-0.597,0.221
118,House,21921,21,4,IL,100,,,"GARCÍA, Jesús",G000586,1956,,-0.43,-0.893,-28.42323,0.95447,610,13,,-0.739,-0.674
118,House,21979,21,14,IL,100,,,"UNDERWOOD, Lauren",U000040,1986,,-0.58,0.449,-37.25889,0.94721,687,12,,-0.592,-0.051
118,House,22138,21,15,IL,200,,,"MILLER, Mary E.",M001211,1959,,0.807,-0.15,-78.55621,0.89298,694,31,,0.717,-0.07
118,House,22304,21,13,IL,100,,,"BUDZINSKI, Nikki",B001315,1977,,-0.309,0.448,-44.73523,0.93801,699,17,,-0.309,0.451
118,House,22330,21,1,IL,100,,,"JACKSON, Jonathan",J000309,1966,,-0.45,-0.245,-33.99364,0.95159,685,16,,-0.45,-0.245
118,House,22360,21,3,IL,100,,,"RAMIREZ, Delia",R000617,1983,,-0.502,-0.865,-24.04614,0.96521,679,7,,-0.502,-0.865
118,House,22365,21,17,IL,100,,,"SORENSEN, Eric",S001225,1976,,-0.232,0.223,-40.63933,0.94336,697,13,,-0.232,0.225
118,House,29717,21,7,IL,100,,,"DAVIS, Danny K.",D000096,1941,,-0.486,-0.26,-28.7731,0.95875,683,9,,-0.505,-0.13
118,House,29911,21,9,IL,100,,,"SCHAKOWSKY, Janice D.",S001145,1944,,-0.603,-0.276,-28.79813,0.95823,675,17,,-0.433,-0.521
118,House,20757,22,7,IN,100,,,"CARSON, André",C001072,1974,,-0.43,0.04,-43.91703,0.93868,694,21,,-0.384,-0.325
118,House,21132,22,8,IN,200,,,"BUCSHON, Larry",B001275,1962,,0.383,0.373,-82.49263,0.8848,674,25,,0.328,0.525
118,House,21702,22,3,IN,200,,,"BANKS, James E.",B001299,1979,,0.651,0.058,-80.60999,0.88913,686,25,,0.82,0.488
118,House,21903,22,4,IN,200,,,"BAIRD, James",B001307,1945,,0.449,0.61,-91.49464,0.87698,697,34,,0.409,0.634
118,House,21952,22,6,IN,200,,,"PENCE, Gregory",P000615,1956,,0.506,0.151,-110.33297,0.83674,619,48,,0.413,0.196
118,House,22142,22,1,IN,100,,,"MRVAN, Frank J.",M001214,1969,,-0.306,0.298,-38.79041,0.94564,694,14,,-0.313,0.34
118,House,22151,22,5,IN,200,,,"SPARTZ, Victoria",S000929,1978,,0.475,-0.202,-158.83023,0.78782,666,63,,0.537,-0.356
118,House,22171,22,2,IN,200,,,"YAKYM, Rudy, III",Y000067,1984,,0.519,0.201,-73.88021,0.89984,700,24,,0.533,0.216
118,House,22326,22,9,IN,200,,,"HOUCHIN, Erin",H001093,1976,,0.587,0.01,-63.30776,0.91353,700,29,,0.587,0.007
118,House,22113,31,4,IA,200,,,"FEENSTRA, Randy",F000446,1969,,0.467,0.198,-84.79891,0.8856,698,32,,0.489,0.208
118,House,22124,31,2,IA,200,,,"HINSON, Ashley",H001091,1983,,0.347,0.298,-68.75072,0.90555,693,25,,0.386,0.613
118,House,22139,31,1,IA,200,,,"MILLER-MEEKS, Mariannette",M001215,1955,,0.335,0.189,-100.3475,0.86299,681,46,,0.349,0.16
118,House,22356,31,3,IA,200,,,"NUNN, Zach",N000193,1979,,0.281,0.091,-135.65011,0.81915,680,56,,0.281,0.091
118,House,21750,32,4,KS,200,,,"ESTES, Ron",E000298,1956,,0.643,0.058,-63.62963,0.91215,692,30,,0.653,0.196
118,House,21914,32,3,KS,100,,,"DAVIDS, Sharice",D000629,1980,,-0.269,0.267,-40.74372,0.94322,697,10,,-0.282,0.274
118,House,22130,32,2,KS,200,,,"LATURNER, Jake",L000266,1988,,0.474,0.385,-99.8067,0.86623,695,40,,0.451,0.296
118,House,22134,32,1,KS,200,,,"MANN, Tracey",M000871,1976,,0.611,0.1,-83.93611,0.8867,698,41,,0.515,-0.045
118,House,14854,51,5,KY,200,,,"ROGERS, Harold Dallas (Hal)",R000395,1937,,0.334,0.142,-91.89945,0.87057,663,30,,0.356,0.747
118,House,20916,51,2,KY,200,,,"GUTHRIE, Brett",G000558,1964,,0.426,0.275,-96.00358,0.87184,700,41,,0.477,0.39
118,House,21333,51,6,KY,200,,,"BARR, Garland H. (Andy) IV",B001282,1973,,0.484,0.294,-75.03119,0.89315,664,27,,0.524,0.353
118,House,21565,51,1,KY,200,,,"COMER, James",C001108,1972,,0.595,-0.039,-59.2795,0.91835,696,22,,0.621,-0.089
118,House,22347,51,3,KY,100,,,"MCGARVEY, Morgan",M001220,1979,,-0.556,0.188,-14.0085,0.98013,698,2,,-0.556,0.188
118,House,31102,51,4,KY,200,,,"MASSIE, Thomas",M001184,1971,,0.678,-0.735,-140.38507,0.81445,684,56,,0.622,-0.783
118,House,20759,45,1,LA,200,,,"SCALISE, Steve",S001176,1965,,0.559,0.15,-66.84354,0.89857,625,23,,0.575,0.087
118,House,21523,45,6,LA,200,,,"GRAVES, Garret",G000577,1972,,0.43,0.029,-130.45581,0.82841,693,56,,0.393,-0.053
118,House,21724,45,3,LA,200,,,"HIGGINS, Clay",H001077,1961,,0.627,-0.31,-69.43372,0.90453,692,32,,0.69,-0.21
118,House,21727,45,4,LA,200,,,"JOHNSON, Mike",J000299,1972,,0.566,-0.01,-38.55001,0.92959,528,15,,0.661,0.031
118,House,22157,45,5,LA,200,,,"LETLOW, Julia",L000595,1981,,0.426,0.448,-95.6879,0.87155,696,46,,0.426,0.426
118,House,22158,45,2,LA,100,,,"CARTER, Troy",C001125,1963,,-0.51,0.255,-22.68222,0.96762,689,7,,-0.574,0.254
118,House,20920,2,1,ME,100,,,"PINGREE, Chellie",P000597,1955,,-0.421,-0.36,-28.91478,0.95656,651,14,,-0.464,-0.176
118,House,21923,2,2,ME,100,,,"GOLDEN, Jared",G000592,1982,,-0.11,0.374,-158.07122,0.789,667,66,,-0.098,0.403
118,House,14873,52,5,MD,100,,,"HOYER, Steny Hamilton",H000874,1939,,-0.381,0.121,-24.78693,0.96224,644,7,,-0.5,0.435
118,House,15433,52,7,MD,100,,,"MFUME, Kweisi",M000687,1948,,-0.443,-0.352,-34.37907,0.95098,684,13,,-0.406,-0.068
118,House,20329,52,2,MD,100,,,"RUPPERSBERGER, C. A. (Dutch)",R000576,1946,,-0.297,0.127,-32.00109,0.95449,687,17,,-0.351,0.09
118,House,20724,52,3,MD,100,,,"SARBANES, John",S001168,1962,,-0.465,-0.071,-22.96152,0.96689,682,11,,-0.412,-0.089
118,House,21139,52,1,MD,200,,,"HARRIS, Andy",H001052,1957,,0.671,-0.374,-105.68153,0.85837,692,39,,0.647,-0.261
118,House,21741,52,8,MD,100,,,"RASKIN, Jamie Ben",R000606,1962,,-0.521,-0.245,-25.06087,0.96433,690,11,,-0.441,-0.243
118,House,21978,52,6,MD,100,,,"TRONE, David",T000483,1955,,-0.322,0.196,-30.17978,0.9553,660,11,,-0.382,0.293
118,House,22329,52,4,MD,100,,,"IVEY, Glenn",I000058,1961,,-0.51,0.162,-19.97175,0.97151,691,8,,-0.51,0.162
118,House,15616,3,1,MA,100,,,"NEAL, Richard Edmund",N000015,1949,,-0.417,-0.105,-29.95986,0.95757,691,16,,-0.482,-0.019
118,House,20119,3,8,MA,100,,,"LYNCH, Stephen F.",L000562,1955,,-0.348,0.037,-34.72629,0.95092,690,13,,-0.292,-0.096
118,House,21140,3,9,MA,100,,,"KEATING, William R.",K000375,1952,,-0.33,-0.112,-35.99618,0.94873,684,14,,-0.341,-0.015
118,House,21375,3,5,MA,100,,,"CLARK, Katherine M.",C001101,1963,,-0.482,-0.316,-20.17002,0.97156,699,7,,-0.509,-0.042
118,House,21525,3,6,MA,100,,,"MOULTON, Seth",M001196,1978,,-0.282,-0.044,-47.50693,0.93365,692,18,,-0.29,0.053
118,House,21955,3,7,MA,100,,,"PRESSLEY, Ayanna",P000617,1974,,-0.349,-0.937,-31.83505,0.95319,664,10,,-0.385,-0.901
118,House,21977,3,3,MA,100,,,"TRAHAN, Lori",T000482,1973,,-0.421,-0.174,-23.95533,0.96597,692,14,,-0.38,-0.254
118,House,22100,3,4,MA,100,,,"AUCHINCLOSS, Jake",A000148,1988,,-0.311,-0.394,-43.26668,0.93844,681,14,,-0.31,-0.341
118,House,29729,3,2,MA,100,,,"McGOVERN, James P.",M000312,1959,,-0.538,-0.323,-29.67978,0.95819,695,17,,-0.413,-0.565
118,House,20725,23,5,MI,200,,,"WALBERG, Tim",W000798,1951,,0.501,0.142,-93.02905,0.87539,699,44,,0.455,0.163
118,House,21142,23,4,MI,200,,,"HUIZENGA, Bill",H001058,1969,,0.536,0.026,-115.23943,0.847,694,47,,0.443,0.023
118,House,21372,23,8,MI,100,,,"KILDEE, Dan",K000380,1958,,-0.367,-0.174,-88.90723,0.87811,684,30,,-0.242,-0.052
118,House,21526,23,2,MI,200,,,"MOOLENAAR, John",M001194,1961,,0.45,0.169,-97.53389,0.86994,700,37,,0.433,0.045
118,House,21529,23,6,MI,100,,,"DINGELL, Debbie",D000624,1953,,-0.404,-0.157,-23.1594,0.96695,689,12,,-0.377,-0.241
118,House,21704,23,1,MI,200,,,"BERGMAN, John",B001301,1947,,0.436,0.079,-98.48762,0.86752,693,34,,0.437,0.053
118,House,21965,23,7,MI,100,,,"SLOTKIN, Elissa",S001208,1976,,-0.321,0.738,-56.4177,0.92235,698,20,,-0.285,0.339
118,House,21972,23,11,MI,100,,,"STEVENS, Haley",S001215,1983,,-0.378,0.284,-31.23954,0.95635,700,12,,-0.395,0.155
118,House,21975,23,12,MI,100,,,"TLAIB, Rashida",T000481,1976,,-0.291,-0.957,-37.26158,0.94809,699,15,,-0.981,-0.192
118,House,22136,23,9,MI,200,,,"MCCLAIN, Lisa C.",M001136,1966,,0.549,0.126,-76.64589,0.89572,696,34,,0.534,0.136
118,House,22332,23,10,MI,200,,,"JAMES, John",J000307,1981,,0.311,0.474,-78.42712,0.89285,692,34,,0.311,0.474
118,House,22363,23,3,MI,100,,,"SCHOLTEN, Hillary",S001221,1982,,-0.329,0.41,-44.52291,0.93786,694,15,,-0.329,0.413
118,House,22368,23,13,MI,100,,,"THANEDAR, Shri",T000488,1955,,-0.377,-0.016,-31.49329,0.95595,699,15,,-0.377,-0.016
118,House,20122,33,4,MN,100,,,"McCOLLUM, Betty",M001143,1954,,-0.417,-0.193,-40.33378,0.94354,694,19,,-0.391,-0.358
118,House,21531,33,6,MN,200,,,"EMMER, Thomas Earl II",E000294,1961,,0.468,-0.09,-80.24656,0.8911,696,37,,0.548,-0.032
118,House,21910,33,2,MN,100,,,"CRAIG, Angela",C001119,1972,,-0.27,0.645,-65.67592,0.90768,678,28,,-0.243,0.626
118,House,21950,33,5,MN,100,,,"OMAR, Ilhan",O000173,1982,,-0.298,-0.955,-52.04669,0.92714,688,24,,-0.981,-0.192
118,House,21953,33,3,MN,100,,,"PHILLIPS, Dean",P000616,1969,,-0.28,0.181,-30.39491,0.93864,480,12,,-0.289,0.193
118,House,21969,33,8,MN,200,,,"STAUBER, Peter",S001212,1966,,0.383,-0.112,-109.39213,0.8526,686,45,,0.454,-0.074
118,House,22114,33,7,MN,200,,,"FISCHBACH, Michelle",F000470,1965,,0.542,0.066,-68.49158,0.90615,695,31,,0.582,0.017
118,House,22167,33,1,MN,200,,,"FINSTAD, Brad",F000475,1976,,0.562,0.039,-64.89058,0.91061,693,24,,0.572,0.022
118,House,21561,46,1,MS,200,,,"KELLY, Trent",K000388,1966,,0.637,0.273,-63.32007,0.91328,698,25,,0.715,0.364
118,House,21927,46,3,MS,200,,,"GUEST, Michael",G000591,1970,,0.528,0.1,-84.04249,0.88532,690,46,,0.502,-0.003
118,House,22319,46,4,MS,200,,,"EZELL, Mike",E000235,1959,,0.552,0.191,-66.95457,0.90422,665,38,,0.552,0.19
118,House,29368,46,2,MS,100,,,"THOMPSON, Bennie",T000193,1948,,-0.517,0.395,-15.47059,0.97786,691,2,,-0.551,0.288
118,House,20124,34,6,MO,200,,,"GRAVES, Samuel",G000546,1963,,0.447,0.167,-118.1359,0.84368,695,41,,0.439,0.027
118,House,20517,34,5,MO,100,,,"CLEAVER, Emanuel, II",C001061,1944,,-0.453,0.009,-22.84289,0.96209,591,12,,-0.408,-0.224
118,House,20926,34,3,MO,200,,,"LUETKEMEYER, Blaine",L000569,1952,,0.452,0.23,-74.71758,0.89807,695,22,,0.493,0.261
118,House,21337,34,2,MO,200,,,"WAGNER, Ann",W000812,1962,,0.393,0.284,-92.90456,0.87454,693,41,,0.352,0.401
118,House,21373,34,8,MO,200,,,"SMITH, Jason",S001195,1980,,0.581,0.254,-67.89106,0.90363,670,33,,0.557,0.208
118,House,22106,34,1,MO,100,,,"BUSH, Cori",B001224,1976,,-0.247,-0.969,-34.03573,0.94272,577,12,,-0.981,-0.192
118,House,22300,34,4,MO,200,,,"ALFORD, Mark",A000379,1963,,0.612,0.193,-64.72553,0.91144,698,32,,0.612,0.192
118,House,22305,34,7,MO,200,,,"BURLISON, Eric",B001316,1976,,0.745,-0.564,-39.4312,0.945,697,13,,0.744,-0.559
118,House,21532,64,1,MT,200,,,"ZINKE, Ryan",Z000018,1961,,0.43,-0.127,-132.84681,0.82624,696,67,,0.448,-0.088
118,House,22148,64,2,MT,200,,,"ROSENDALE, Matthew M., Sr.",R000103,1960,,0.748,-0.62,-70.27893,0.90422,698,30,,0.728,-0.686
118,House,20729,35,3,NE,200,,,"SMITH, Adrian",S001172,1970,,0.513,0.233,-68.41248,0.90625,695,24,,0.505,0.278
118,House,21701,35,2,NE,200,,,"BACON, Donald J.",B001298,1963,,0.294,0.156,-95.67484,0.87052,690,32,,0.238,0.384
118,House,22166,35,1,NE,200,,,"FLOOD, Mike",F000474,1975,,0.468,0.835,-84.17352,0.88609,696,32,,0.448,0.747
118,House,20927,65,1,NV,100,,,"TITUS, Alice (Dina)",T000468,1950,,-0.299,-0.193,-42.02455,0.94066,687,20,,-0.257,-0.044
118,House,21196,65,2,NV,200,,,"AMODEI, Mark E.",A000369,1958,,0.387,0.196,-92.96614,0.8753,698,46,,0.435,0.364
118,House,21339,65,4,NV,100,,,"HORSFORD, Steven",H001066,1973,,-0.342,0.135,-36.27324,0.94805,680,16,,-0.323,0.215
118,House,21938,65,3,NV,100,,,"LEE, Susie",L000590,1966,,-0.235,0.31,-75.86618,0.89574,689,35,,-0.192,0.197
118,House,21340,4,2,NH,100,,,"KUSTER, Ann McLane",K000382,1956,,-0.26,-0.098,-26.48778,0.96146,674,9,,-0.299,-0.002
118,House,21951,4,1,NH,100,,,"PAPPAS, Chris",P000614,1980,,-0.237,0.343,-63.095,0.91286,692,28,,-0.206,0.357
118,House,14863,12,4,NJ,200,,,"SMITH, Christopher Henry",S000522,1953,,0.178,-0.173,-191.93461,0.75687,689,100,,0.303,-0.027
118,House,15454,12,6,NJ,100,,,"PALLONE, Frank, Jr.",P000034,1951,,-0.404,-0.168,-49.64035,0.93154,700,19,,-0.381,-0.155
118,House,21536,12,1,NJ,100,,,"NORCROSS, Donald",N000188,1958,,-0.421,0.328,-22.94021,0.96563,656,8,,-0.361,0.237
118,House,21538,12,12,NJ,100,,,"WATSON COLEMAN, Bonnie",W000822,1945,,-0.608,-0.193,-28.01357,0.96021,690,16,,-0.507,-0.356
118,House,21723,12,5,NJ,100,,,"GOTTHEIMER, Josh S.",G000583,1975,,-0.158,0.223,-63.60662,0.90786,658,15,,-0.204,0.206
118,House,21937,12,3,NJ,100,,,"KIM, Andy",K000394,1982,,-0.357,0.288,-48.27162,0.93019,667,18,,-0.402,-0.101
118,House,21964,12,11,NJ,100,,,"SHERRILL, Mikie",S001207,1972,,-0.225,0.263,-47.84032,0.93357,696,18,,-0.288,0.272
118,House,22334,12,7,NJ,200,,,"KEAN, Thomas",K000398,1968,,0.196,0.358,-68.51028,0.90638,697,22,,0.196,0.358
118,House,22348,12,8,NJ,100,,,"MENENDEZ, Robert",M001226,1985,,-0.547,0.227,-23.22001,0.96719,696,8,,-0.547,0.227
118,House,29741,12,9,NJ,100,,,"PASCRELL, William J., Jr.",P000096,1937,,-0.368,-0.006,-33.49291,0.95269,691,13,,-0.523,0.285
118,House,31103,12,10,NJ,100,,,"PAYNE, Donald, Jr.",P000604,1958,,-0.52,-0.097,-20.29891,0.96944,654,7,,-0.534,0.035
118,House,91980,12,2,NJ,200,,,"VAN DREW, Jefferson",V000133,1953,,0.38,-0.487,-109.02942,0.85481,695,34,,0.451,-0.356
118,House,22131,66,3,NM,100,,,"LEGER FERNANDEZ, Teresa",L000273,1959,,-0.327,-0.152,-36.02291,0.94773,671,16,,-0.318,-0.081
118,House,22159,66,1,NM,100,,,"STANSBURY, Melanie Ann",S001218,1979,,-0.407,-0.253,-28.28619,0.95995,692,12,,-0.391,-0.268
118,House,22371,66,2,NM,100,,,"VASQUEZ, Gabriel",V000136,1984,,-0.278,0.405,-69.81499,0.90482,698,28,,-0.278,0.409
118,House,20519,13,26,NY,100,,,"HIGGINS, Brian",H001038,1959,,-0.348,-0.032,-37.78669,0.94548,674,17,,-0.333,-0.035
118,House,20733,13,9,NY,100,,,"CLARKE, Yvette Diane",C001067,1964,,-0.609,-0.246,-29.56839,0.95846,697,18,,-0.487,-0.527
118,House,20934,13,20,NY,100,,,"TONKO, Paul",T000469,1949,,-0.415,-0.268,-34.95488,0.95115,698,14,,-0.33,-0.367
118,House,21342,13,6,NY,100,,,"MENG, Grace",M001188,1975,,-0.376,-0.217,-31.12623,0.95506,677,15,,-0.353,-0.301
118,House,21343,13,8,NY,100,,,"JEFFRIES, Hakeem",J000294,1970,,-0.486,-0.072,-20.81214,0.97041,693,7,,-0.504,0.205
118,House,21541,13,21,NY,200,,,"STEFANIK, Elise M",S001196,1984,,0.301,-0.125,-124.75978,0.83675,700,47,,0.471,0.175
118,House,21715,13,13,NY,100,,,"ESPAILLAT, Adriano J.",E000297,1954,,-0.583,-0.21,-33.74242,0.95221,689,15,,-0.431,-0.282
118,House,21749,13,24,NY,200,,,"TENNEY, Claudia",T000478,1961,,0.456,0.032,-83.64073,0.88677,696,38,,0.482,0.087
118,House,21761,13,25,NY,100,,,"MORELLE, Joseph D.",M001206,1957,,-0.329,0.157,-35.70013,0.94826,672,14,,-0.299,0.099
118,House,21949,13,14,NY,100,,,"OCASIO-CORTEZ, Alexandria",O000172,1989,,-0.299,-0.954,-37.13363,0.94716,684,14,,-0.44,-0.898
118,House,22105,13,16,NY,100,,,"BOWMAN, Jamaal",B001223,1976,,-0.358,-0.934,-34.0237,0.95236,697,12,,-0.389,-0.921
118,House,22117,13,2,NY,200,,,"GARBARINO, Andrew R.",G000597,1984,,0.252,0.193,-68.43783,0.89933,645,26,,0.226,0.236
118,House,22133,13,11,NY,200,,,"MALLIOTAKIS, Nicole",M000317,1980,,0.329,-0.066,-107.83623,0.85355,681,34,,0.35,-0.068
118,House,22154,13,15,NY,100,,,"TORRES, Ritchie",T000486,1988,,-0.352,-0.282,-43.01567,0.93939,688,18,,-0.321,-0.22
118,House,22169,13,18,NY,100,,,"RYAN, Patrick",R000579,1982,,-0.219,0.225,-53.52241,0.92598,696,23,,-0.218,0.223
118,House,22313,13,4,NY,200,,,"D'ESPOSITO, Anthony",D000632,1982,,0.237,0.165,-91.38421,0.8716,665,32,,0.237,0.165
118,House,22324,13,10,NY,100,,,"GOLDMAN, Daniel",G000599,1976,,-0.409,-0.109,-25.14277,0.96338,674,7,,-0.409,-0.109
118,House,22337,13,1,NY,200,,,"LALOTA, Nicholas",L000598,1978,,0.259,0.054,-127.92262,0.83166,694,52,,0.259,0.054
118,House,22339,13,23,NY,200,,,"LANGWORTHY, Nick",L000600,1981,,0.414,-0.011,-89.18509,0.87759,683,39,,0.414,-0.012
118,House,22340,13,17,NY,200,,,"LAWLER, Michael",L000599,1986,,0.188,0.2,-86.09831,0.88333,694,28,,0.188,0.2
118,House,22351,13,19,NY,200,,,"MOLINARO, Marcus",M001221,1975,,0.244,0.079,-122.88253,0.83708,691,48,,0.244,0.079
118,House,22362,13,3,NY,200,,,"SANTOS, George",S001222,1988,,0.473,-0.421,-117.88222,0.81608,580,47,,0.473,-0.42
118,House,22372,13,22,NY,200,,,"WILLIAMS, Brandon",W000828,1967,,0.342,0.085,-91.18426,0.86759,642,34,,0.342,0.085
118,House,29377,13,12,NY,100,,,"NADLER, Jerrold Lewis",N000002,1947,,-0.508,-0.484,-28.81922,0.9588,685,15,,-0.502,-0.271
118,House,29378,13,7,NY,100,,,"VELÁZQUEZ, Nydia M.",V000081,1953,,-0.547,-0.351,-21.16412,0.96944,682,9,,-0.468,-0.547
118,House,29776,13,5,NY,100,,,"MEEKS, Gregory W.",M001137,1953,,-0.415,-0.072,-25.2404,0.96398,688,9,,-0.492,0.005
118,House,20521,47,5,NC,200,,,"FOXX, Virginia Ann",F000450,1943,,0.623,0.18,-97.05404,0.86967,695,40,,0.603,0.298
118,House,20522,47,10,NC,200,,,"McHENRY, Patrick T.",M001156,1975,,0.529,0.131,-92.26785,0.86709,647,44,,0.496,0.143
118,House,21346,47,9,NC,200,,,"HUDSON, Richard",H001067,1971,,0.526,0.178,-108.7461,0.85321,685,45,,0.491,0.136
118,House,21544,47,7,NC,200,,,"ROUZER, David",R000603,1972,,0.564,0.247,-63.72434,0.91263,697,25,,0.657,0.557
118,House,21545,47,12,NC,100,,,"ADAMS, Alma",A000370,1946,,-0.468,0.017,-20.54885,0.97091,696,5,,-0.491,-0.027
118,House,21986,47,8,NC,200,,,"BISHOP, Dan",B001311,1964,,0.714,-0.377,-61.01879,0.91344,674,22,,0.85,-0.526
118,House,21987,47,3,NC,200,,,"MURPHY, Gregory Francis",M001210,1963,,0.485,0.076,-101.21811,0.86374,691,44,,0.475,0.124
118,House,22135,47,6,NC,100,,,"MANNING, Kathy E.",M001135,1956,,-0.261,0.327,-48.39698,0.93283,696,18,,-0.263,0.402
118,House,22149,47,2,NC,100,,,"ROSS, Deborah K.",R000305,1963,,-0.452,0.23,-20.03865,0.97092,679,8,,-0.454,0.141
118,House,22314,47,1,NC,100,,,"DAVIS, Don",D000230,1971,,-0.293,0.954,-77.79186,0.88913,662,35,,-0.293,0.956
118,House,22318,47,11,NC,200,,,"EDWARDS, Chuck",E000246,1960,,0.427,0.732,-104.25266,0.86089,696,29,,0.42,0.74
118,House,22320,47,4,NC,100,,,"FOUSHEE, Valerie",F000477,1956,,-0.567,-0.059,-14.2366,0.97952,688,5,,-0.567,-0.059
118,House,22331,47,14,NC,100,,,"JACKSON, Jeff",J000308,1982,,-0.287,0.233,-40.10517,0.94432,700,18,,-0.287,0.235
118,House,22355,47,13,NC,100,,,"NICKEL, Wiley",N000194,1975,,-0.231,0.242,-57.19946,0.92099,695,23,,-0.232,0.245
118,House,21901,36,1,ND,200,,,"ARMSTRONG, Kelly",A000377,1976,,0.449,0.101,-104.08077,0.8598,689,47,,0.436,0.221
118,House,21996,95,0,MP,100,,,"SABLAN, Gregorio Kilili Camacho",S001177,1955,,-0.431,-0.128,-10.81018,0.96426,297,4,,-0.367,-0.276
118,House,15029,24,9,OH,100,,,"KAPTUR, Marcia Carolyn (Marcy)",K000009,1946,,-0.348,0.117,-79.19635,0.89021,681,29,,-0.275,0.249
118,House,20342,24,10,OH,200,,,"TURNER, Michael R.",T000463,1960,,0.269,0.245,-82.28601,0.88459,671,29,,0.245,0.495
118,House,20738,24,4,OH,200,,,"JORDAN, Jim",J000289,1964,,0.717,-0.198,-35.88523,0.94954,693,10,,0.685,-0.208
118,House,20755,24,5,OH,200,,,"LATTA, Robert E.",L000566,1956,,0.51,0.28,-73.26429,0.90063,700,25,,0.476,0.212
118,House,21162,24,6,OH,200,,,"JOHNSON, Bill",J000292,1954,,0.436,0.235,-78.83363,0.88725,659,36,,0.535,0.435
118,House,21351,24,2,OH,200,,,"WENSTRUP, Brad",W000815,1958,,0.528,0.268,-76.50306,0.89605,697,31,,0.539,0.363
118,House,21352,24,3,OH,100,,,"BEATTY, Joyce",B001281,1950,,-0.439,0.042,-17.41516,0.97453,675,6,,-0.527,0.088
118,House,21353,24,14,OH,200,,,"JOYCE, David",J000295,1957,,0.256,0.301,-56.1843,0.91416,626,19,,0.253,0.446
118,House,21564,24,8,OH,200,,,"DAVIDSON, Warren",D000626,1970,,0.659,-0.355,-84.25156,0.88614,697,32,,0.61,-0.387
118,House,21759,24,12,OH,200,,,"BALDERSON, Troy",B001306,1962,,0.455,0.214,-78.68274,0.89368,700,29,,0.517,0.291
118,House,22161,24,11,OH,100,,,"BROWN, Shontel  M.",B001313,1975,,-0.518,0.051,-14.32903,0.97965,697,4,,-0.54,0.1
118,House,22162,24,15,OH,200,,,"CAREY, Mike",C001126,1971,,0.418,-0.089,-105.03924,0.85992,696,50,,0.422,-0.109
118,House,22338,24,1,OH,100,,,"LANDSMAN, Greg",L000601,1976,,-0.199,0.124,-53.32407,0.9249,683,23,,-0.199,0.126
118,House,22349,24,7,OH,200,,,"MILLER, Max",M001222,1988,,0.39,0.109,-106.49518,0.84909,651,53,,0.39,0.109
118,House,22367,24,13,OH,100,,,"SYKES, Emilia",S001223,1986,,-0.318,0.011,-27.49739,0.9611,693,13,,-0.318,0.011
118,House,20344,53,4,OK,200,,,"COLE, Tom",C001053,1949,,0.324,0.4,-66.61772,0.90897,698,22,,0.328,0.69
118,House,21760,53,1,OK,200,,,"HERN, Kevin",H001082,1961,,0.68,-0.078,-47.69245,0.93414,700,18,,0.629,-0.198
118,House,22102,53,5,OK,200,,,"BICE, Stephanie I.",B000740,1973,,0.411,0.313,-91.45909,0.87703,697,50,,0.393,0.22
118,House,22303,53,2,OK,200,,,"BRECHEEN, Josh",B001317,1979,,0.837,-0.438,-42.72703,0.94029,694,22,,0.833,-0.432
118,House,29393,53,3,OK,200,,,"LUCAS, Frank D.",L000491,1960,,0.36,0.449,-57.89498,0.9159,659,18,,0.363,0.903
118,House,21198,72,1,OR,100,,,"BONAMICI, Suzanne",B001278,1954,,-0.396,-0.41,-27.47774,0.95791,639,7,,-0.453,-0.379
118,House,22101,72,2,OR,200,,,"BENTZ, Cliff",B000668,1952,,0.492,0.335,-77.27661,0.89505,697,23,,0.526,0.427
118,House,22308,72,5,OR,200,,,"CHAVEZ-DEREMER, Lori",C001135,1968,,0.167,0.468,-73.69447,0.89967,697,27,,0.167,0.468
118,House,22327,72,4,OR,100,,,"HOYLE, Val",H001094,1964,,-0.234,-0.308,-33.34636,0.95173,674,13,,-0.234,-0.308
118,House,22361,72,6,OR,100,,,"SALINAS, Andrea",S001226,1969,,-0.228,-0.092,-36.12036,0.949,690,14,,-0.228,-0.091
118,House,29588,72,3,OR,100,,,"BLUMENAUER, Earl",B000574,1948,,-0.427,-0.641,-33.5246,0.95011,655,15,,-0.54,-0.299
118,House,20946,14,15,PA,200,,,"THOMPSON, Glenn",T000467,1959,,0.331,0.357,-103.01723,0.86224,695,43,,0.369,0.35
118,House,21167,14,16,PA,200,,,"KELLY, Mike",K000376,1948,,0.373,0.41,-78.49919,0.8764,595,26,,0.459,0.787
118,House,21356,14,10,PA,200,,,"PERRY, Scott",P000605,1962,,0.677,-0.461,-56.01178,0.92126,683,20,,0.86,-0.51
118,House,21358,14,8,PA,100,,,"CARTWRIGHT, Matt",C001090,1961,,-0.349,-0.005,-63.16036,0.9118,684,24,,-0.271,0.112
118,House,21548,14,2,PA,100,,,"BOYLE, Brendan Francis",B001296,1977,,-0.391,0.139,-40.10661,0.94313,685,15,,-0.335,0.14
118,House,21566,14,3,PA,100,,,"EVANS, Dwight",E000296,1954,,-0.47,-0.135,-27.24858,0.95913,653,13,,-0.492,-0.276
118,House,21718,14,1,PA,200,,,"FITZPATRICK, Brian K.",F000466,1973,,0.142,-0.122,-162.20342,0.79317,700,75,,0.108,-0.091
118,House,21745,14,11,PA,200,,,"SMUCKER, Lloyd K.",S001199,1964,,0.45,0.112,-108.74112,0.85536,696,41,,0.444,-0.039
118,House,21762,14,5,PA,100,,,"SCANLON, Mary Gay",S001205,1959,,-0.475,-0.082,-24.6053,0.9628,649,14,,-0.499,-0.214
118,House,21763,14,7,PA,100,,,"WILD, Susan",W000826,1957,,-0.262,0.324,-64.80398,0.90846,675,30,,-0.246,0.288
118,House,21915,14,4,PA,100,,,"DEAN, Madeleine",D000631,1959,,-0.453,-0.031,-23.11977,0.9671,691,11,,-0.44,-0.07
118,House,21934,14,6,PA,100,,,"HOULAHAN, Christina",H001085,1967,,-0.275,0.322,-63.4314,0.91056,677,22,,-0.235,0.077
118,House,21936,14,13,PA,200,,,"JOYCE, John",J000302,1957,,0.569,0.0,-86.39719,0.88358,698,34,,0.544,-0.092
118,House,21945,14,9,PA,200,,,"MEUSER, Dan",M001204,1964,,0.494,0.248,-90.95202,0.87446,678,42,,0.477,0.197
118,House,21956,14,14,PA,200,,,"RESCHENTHALER, Guy",R000610,1983,,0.437,0.063,-102.99324,0.86318,700,50,,0.553,0.097
118,House,22316,14,17,PA,100,,,"DELUZIO, Chris",D000530,1984,,-0.244,0.036,-65.07353,0.91037,693,21,,-0.244,0.037
118,House,22342,14,12,PA,100,,,"LEE, Summer",L000602,1987,,-0.375,-0.927,-28.66775,0.95987,700,10,,-0.988,0.152
118,House,21992,92,0,PR,200,,,"GONZÁLEZ-CÓLON, Jenniffer",G000582,1976,,0.229,0.426,-56.62211,0.83355,311,27,,0.232,0.507
118,House,21172,5,1,RI,100,,,"CICILLINE, David N.",C001084,1961,,-0.389,-0.262,-7.12944,0.96614,207,1,,-0.45,0.016
118,House,22345,5,2,RI,100,,,"MAGAZINER, Seth",M001223,1983,,-0.319,0.195,-35.01322,0.95017,685,15,,-0.319,0.196
118,House,22375,5,1,RI,100,,,"AMO, Gabe",A000380,1987,,-0.467,-0.078,-3.9199,0.9662,114,2,,-0.467,-0.078
118,House,20138,48,2,SC,200,,,"WILSON, Addison Graves (Joe)",W000795,1947,,0.531,0.147,-97.4618,0.8688,693,47,,0.597,0.324
118,House,21174,48,3,SC,200,,,"DUNCAN, Jeff",D000615,1966,,0.701,-0.1,-48.37669,0.93285,696,17,,0.73,-0.193
118,House,21753,48,5,SC,200,,,"NORMAN, Ralph",N000190,1953,,0.848,-0.367,-52.69128,0.92575,683,22,,0.785,-0.431
118,House,21974,48,4,SC,200,,,"TIMMONS, William",T000480,1984,,0.604,0.139,-56.70878,0.92186,697,23,,0.687,0.134
118,House,22132,48,1,SC,200,,,"MACE, Nancy",M000194,1977,,0.328,-0.257,-223.55601,0.71195,658,127,,0.284,-0.323
118,House,22322,48,7,SC,200,,,"FRY, Russell",F000478,1985,,0.525,-0.306,-78.69701,0.89323,697,32,,0.526,-0.3
118,House,39301,48,6,SC,100,,,"CLYBURN, James Enos",C000537,1940,,-0.465,0.25,-23.3263,0.96699,695,7,,-0.51,0.122
118,House,21935,37,1,SD,200,,,"JOHNSON, Dustin",J000301,1976,,0.462,0.142,-75.25242,0.89766,697,28,,0.506,0.163
118,House,20748,54,9,TN,100,,,"COHEN, Stephen",C001068,1949,,-0.392,-0.326,-59.02746,0.9137,654,21,,-0.306,-0.138
118,House,21178,54,3,TN,200,,,"FLEISCHMANN, Chuck",F000459,1962,,0.434,0.406,-124.8946,0.83616,698,57,,0.335,0.432
118,House,21179,54,4,TN,200,,,"DESJARLAIS, Scott",D000616,1964,,0.581,-0.046,-72.39455,0.89915,681,35,,0.733,0.301
118,House,21731,54,8,TN,200,,,"KUSTOFF, David",K000392,1966,,0.535,0.372,-96.05116,0.86934,686,43,,0.563,0.493
118,House,21905,54,2,TN,200,,,"BURCHETT, Timothy",B001309,1964,,0.664,-0.383,-81.18386,0.89035,699,29,,0.674,-0.57
118,House,21926,54,7,TN,200,,,"GREEN, Mark",G000590,1964,,0.671,0.015,-56.11891,0.92156,687,25,,0.665,0.008
118,House,21959,54,6,TN,200,,,"ROSE, John",R000612,1965,,0.668,0.105,-84.82638,0.88541,697,39,,0.613,0.107
118,House,22122,54,1,TN,200,,,"HARSHBARGER, Diana",H001086,1960,,0.682,-0.02,-60.14593,0.91755,699,21,,0.707,-0.117
118,House,22357,54,5,TN,200,,,"OGLES, Andy",O000175,1971,,0.797,-0.38,-44.33649,0.93697,681,23,,0.791,-0.375
118,House,20355,49,26,TX,200,,,"BURGESS, Michael C.",B001248,1950,,0.567,-0.185,-123.93677,0.83688,696,53,,0.481,-0.245
118,House,20356,49,31,TX,200,,,"CARTER, John R.",C001051,1941,,0.485,0.565,-85.59785,0.86235,578,38,,0.406,0.236
118,House,20529,49,9,TX,100,,,"GREEN, Al",G000553,1947,,-0.443,0.29,-50.65467,0.92892,687,16,,-0.681,0.451
118,House,20530,49,10,TX,200,,,"McCAUL, Michael T.",M001157,1962,,0.416,0.144,-119.06243,0.8413,689,46,,0.386,0.16
118,House,20533,49,28,TX,100,,,"CUELLAR, Henry",C001063,1955,,-0.227,0.622,-110.27326,0.85091,683,54,,-0.202,0.641
118,House,21360,49,14,TX,200,,,"WEBER, Randy",W000814,1953,,0.73,0.017,-47.01298,0.93468,696,20,,0.698,0.004
118,House,21362,49,20,TX,100,,,"CASTRO, Joaquin",C001091,1974,,-0.404,-0.071,-28.64068,0.95563,631,14,,-0.447,-0.369
118,House,21364,49,25,TX,200,,,"WILLIAMS, Roger",W000816,1949,,0.595,0.063,-57.85252,0.91559,656,15,,0.645,-0.079
118,House,21365,49,33,TX,100,,,"VEASEY, Marc",V000131,1971,,-0.404,0.34,-90.0357,0.87833,694,32,,-0.5,0.866
118,House,21551,49,36,TX,200,,,"BABIN, Brian",B001291,1948,,0.711,0.074,-43.38366,0.93915,691,17,,0.722,0.047
118,House,21700,49,19,TX,200,,,"ARRINGTON, Jodey Cook",A000375,1972,,0.642,0.003,-95.58629,0.8676,673,32,,0.628,0.209
118,House,21722,49,34,TX,100,,,"GONZALEZ, Vicente Jr.",G000581,1967,,-0.388,0.755,-102.1649,0.85935,674,41,,-0.381,0.925
118,House,21758,49,27,TX,200,,,"CLOUD, Michael",C001115,1975,,0.684,-0.329,-44.79579,0.93775,697,20,,0.709,-0.455
118,House,21900,49,32,TX,100,,,"ALLRED, Colin",A000376,1983,,-0.43,0.708,-68.40609,0.90613,694,34,,-0.451,0.892
118,House,21911,49,2,TX,200,,,"CRENSHAW, Daniel",C001120,1984,,0.431,0.268,-110.21878,0.84469,653,49,,0.541,0.689
118,House,21917,49,16,TX,100,,,"ESCOBAR, Veronica",E000299,1969,,-0.466,-0.316,-21.66563,0.96761,658,8,,-0.554,-0.065
118,House,21919,49,7,TX,100,,,"FLETCHER, Elizabeth",F000468,1975,,-0.454,0.891,-109.15526,0.85329,688,41,,-0.454,0.891
118,House,21922,49,29,TX,100,,,"GARCIA, Sylvia",G000587,1950,,-0.797,0.454,-35.94283,0.94792,672,14,,-0.586,0.055
118,House,21925,49,5,TX,200,,,"GOODEN, Lance",G000589,1982,,0.746,-0.066,-58.36618,0.91889,690,23,,0.684,-0.021
118,House,21961,49,21,TX,200,,,"ROY, Charles",R000614,1972,,0.8,-0.6,-63.10322,0.91199,685,28,,0.812,-0.584
118,House,22112,49,4,TX,200,,,"FALLON, Pat",F000246,1967,,0.728,0.139,-47.51209,0.93251,680,19,,0.786,0.171
118,House,22119,49,23,TX,200,,,"GONZALES, Tony",G000594,1980,,0.33,0.275,-99.13213,0.85333,625,40,,0.342,0.253
118,House,22125,49,13,TX,200,,,"JACKSON, Ronny",J000304,1967,,0.768,0.105,-42.04863,0.94038,684,13,,0.765,0.022
118,House,22143,49,22,TX,200,,,"NEHLS, Troy E.",N000026,1968,,0.609,-0.222,-66.30579,0.90631,674,22,,0.565,-0.36
118,House,22147,49,11,TX,200,,,"PFLUGER, August",P000048,1977,,0.646,0.403,-70.65346,0.90347,696,27,,0.599,0.343
118,House,22155,49,24,TX,200,,,"VAN DUYNE, Beth",V000134,1970,,0.597,-0.011,-57.4048,0.9205,693,22,,0.699,0.07
118,House,22160,49,6,TX,200,,,"ELLZEY, Jake",E000071,1970,,0.514,0.596,-120.58933,0.84113,697,62,,0.559,0.829
118,House,22307,49,35,TX,100,,,"CASAR, Greg",C001131,1989,,-0.379,-0.839,-28.43285,0.95974,692,13,,-0.378,-0.84
118,House,22312,49,30,TX,100,,,"CROCKETT, Jasmine",C001130,1981,,-0.528,-0.131,-25.15605,0.9644,694,11,,-0.528,-0.131
118,House,22315,49,15,TX,200,,,"DE LA CRUZ, Monica",D000594,1974,,0.461,0.199,-79.09734,0.88849,669,31,,0.461,0.198
118,House,22328,49,38,TX,200,,,"HUNT, Wesley",H001095,1981,,0.597,-0.247,-51.68606,0.91876,610,16,,0.598,-0.253
118,House,22344,49,8,TX,200,,,"LUTTRELL, Morgan",L000603,1975,,0.664,-0.126,-54.45633,0.92358,685,15,,0.666,-0.116
118,House,22352,49,1,TX,200,,,"MORAN, Nathaniel",M001224,1974,,0.604,0.797,-111.53653,0.85134,693,59,,0.604,0.797
118,House,22364,49,3,TX,200,,,"SELF, Keith",S001224,1953,,0.844,-0.138,-53.14133,0.92669,698,23,,0.852,-0.148
118,House,29571,49,37,TX,100,,,"DOGGETT, Lloyd Alton, II",D000399,1946,,-0.402,-0.322,-29.40726,0.95816,688,13,,-0.434,-0.397
118,House,29573,49,18,TX,100,,,"JACKSON LEE, Sheila",J000032,1950,,-0.46,0.125,-21.29599,0.9591,510,9,,-0.476,0.233
118,House,29759,49,17,TX,200,,,"SESSIONS, Pete",S000250,1955,,0.588,0.149,-84.60583,0.87969,660,39,,0.56,0.179
118,House,29762,49,12,TX,200,,,"GRANGER, Kay",G000377,1943,,0.404,0.235,-99.10226,0.86212,668,43,,0.44,0.38
118,House,21367,67,2,UT,200,,,"STEWART, Chris",S001192,1960,,0.499,0.167,-20.09721,0.94194,336,9,,0.437,0.141
118,House,21755,67,3,UT,200,,,"CURTIS, John R.",C001114,1960,,0.448,0.156,-141.68844,0.81339,686,76,,0.387,0.073
118,House,22141,67,1,UT,200,,,"MOORE, Blake D.",M001213,1980,,0.367,0.304,-113.18263,0.84892,691,40,,0.389,0.36
118,House,22146,67,4,UT,200,,,"OWENS, Burgess",O000086,1951,,0.461,0.265,-121.65441,0.83963,696,77,,0.495,0.378
118,House,22376,67,2,UT,200,,,"MALOY, Celeste",M001228,1981,,0.465,0.223,-2.4626,0.97077,83,1,,0.466,0.22
118,House,22301,6,1,VT,100,,,"BALINT, Becca",B001318,1968,,-0.471,-0.415,-21.10351,0.96971,686,6,,-0.471,-0.415
118,House,21994,96,0,VI,100,,,"PLASKETT, Stacey E.",P000610,1966,,-0.408,0.474,-29.40334,0.92008,353,12,,-0.457,0.628
118,House,20756,40,1,VA,200,,,"WITTMAN, Robert J.",W000804,1959,,0.451,0.001,-89.08944,0.87969,695,40,,0.541,0.212
118,House,20952,40,11,VA,100,,,"CONNOLLY, Gerald E. (Gerry)",C001078,1950,,-0.307,-0.038,-44.28071,0.93722,683,19,,-0.329,-0.311
118,House,21191,40,9,VA,200,,,"GRIFFITH, H. Morgan",G000568,1958,,0.52,-0.365,-150.07661,0.79298,647,68,,0.455,-0.266
118,House,21554,40,8,VA,100,,,"BEYER, Donald Sternoff Jr.",B001292,1950,,-0.385,-0.095,-40.48002,0.94229,681,16,,-0.353,-0.365
118,House,21908,40,6,VA,200,,,"CLINE, Benjamin",C001118,1972,,0.72,-0.202,-36.80759,0.94863,698,13,,0.767,-0.235
118,House,21966,40,7,VA,100,,,"SPANBERGER, Abigail",S001209,1979,,-0.188,0.338,-68.62737,0.90572,693,27,,-0.226,0.202
118,House,21983,40,10,VA,100,,,"WEXTON, Jennifer",W000825,1968,,-0.369,0.313,-24.6711,0.96099,620,11,,-0.39,0.148
118,House,22120,40,5,VA,200,,,"GOOD, Bob",G000595,1965,,0.8,-0.6,-51.33606,0.9285,692,22,,0.749,-0.663
118,House,22335,40,2,VA,200,,,"KIGGANS, Jennifer",K000399,1971,,0.255,0.375,-76.99848,0.89279,679,23,,0.255,0.375
118,House,22374,40,4,VA,100,,,"MCCLELLAN, Jennifer",M001227,1972,,-0.469,-0.01,-17.81525,0.9696,577,9,,-0.469,-0.01
118,House,39307,40,3,VA,100,,,"SCOTT, Robert C.",S000185,1947,,-0.45,0.012,-41.37793,0.94244,698,18,,-0.431,-0.182
118,House,20145,73,2,WA,100,,,"LARSEN, Richard Ray (Rick)",L000560,1965,,-0.365,0.178,-46.7674,0.93058,650,19,,-0.318,-0.153
118,House,20535,73,5,WA,200,,,"McMORRIS RODGERS, Cathy",M001159,1969,,0.432,0.11,-93.17951,0.87195,680,43,,0.605,0.476
118,House,21368,73,6,WA,100,,,"KILMER, Derek",K000381,1974,,-0.312,-0.009,-22.40535,0.968,689,4,,-0.359,0.136
118,House,21556,73,4,WA,200,,,"NEWHOUSE, Daniel Milton",N000189,1955,,0.316,0.347,-59.45459,0.91361,658,21,,0.316,0.522
118,House,21726,73,7,WA,100,,,"JAYAPAL, Pramila",J000298,1965,,-0.646,-0.466,-28.02486,0.96053,696,16,,-0.465,-0.761
118,House,21962,73,8,WA,100,,,"SCHRIER, Kim",S001216,1968,,-0.288,0.449,-56.29229,0.92166,690,25,,-0.257,0.416
118,House,22153,73,10,WA,100,,,"STRICKLAND, Marilyn",S001159,1962,,-0.444,0.368,-22.56024,0.96815,697,7,,-0.458,0.349
118,House,22358,73,3,WA,100,,,"PEREZ, Marie Gluesenkamp",G000600,1988,,-0.103,0.297,-155.14115,0.80019,696,63,,-0.103,0.293
118,House,29768,73,9,WA,100,,,"SMITH, Adam",S000510,1965,,-0.288,-0.165,-28.6668,0.95901,685,10,,-0.501,0.027
118,House,31101,73,1,WA,100,,,"DelBENE, Suzan K.",D000617,1962,,-0.292,-0.19,-24.63151,0.96533,698,8,,-0.475,0.19
118,House,21557,56,2,WV,200,,,"MOONEY, Alex X.",M001195,1971,,0.564,-0.222,-47.32759,0.93199,672,14,,0.657,-0.27
118,House,21946,56,1,WV,200,,,"MILLER, Carol",M001205,1950,,0.517,0.108,-74.16902,0.89724,684,39,,0.583,0.017
118,House,20537,25,4,WI,100,,,"MOORE, Gwendolynne S. (Gwen)",M001160,1951,,-0.526,-0.258,-25.78371,0.96252,675,10,,-0.564,-0.297
118,House,21370,25,2,WI,100,,,"POCAN, Mark",P000607,1964,,-0.531,-0.561,-22.31344,0.96804,687,9,,-0.472,-0.594
118,House,21559,25,6,WI,200,,,"GROTHMAN, Glenn",G000576,1955,,0.599,-0.225,-88.25483,0.8801,691,46,,0.682,0.119
118,House,21720,25,8,WI,200,,,"GALLAGHER, Michael",G000579,1984,,0.438,0.004,-93.42598,0.87302,688,35,,0.508,0.193
118,House,21970,25,1,WI,200,,,"STEIL, Bryan",S001213,1981,,0.414,0.068,-77.71674,0.89391,693,26,,0.442,0.188
118,House,21989,25,7,WI,200,,,"TIFFANY, Thomas P.",T000165,1957,,0.643,-0.232,-54.90722,0.92393,694,20,,0.702,-0.278
118,House,22115,25,5,WI,200,,,"FITZGERALD, Scott",F000471,1963,,0.608,0.166,-61.48165,0.91545,696,24,,0.595,0.061
118,House,22370,25,3,WI,200,,,"VAN ORDEN, Derrick",V000135,1969,,0.371,-0.001,-131.3195,0.82624,688,60,,0.371,-0.001
118,House,22325,68,1,WY,200,,,"HAGEMAN, Harriet",H001096,1962,,0.667,-0.346,-51.40019,0.9291,699,21,,0.664,-0.338
118,Senate,42102,41,0,AL,200,,,"TUBERVILLE, Thomas Hawley (Tommy)",T000278,1954,,0.936,-0.352,-34.07564,0.90798,353,14,,0.844,0.046
118,Senate,42300,41,0,AL,200,,,"BRITT, Katie Elizabeth",B001319,1982,,0.551,0.726,-23.24383,0.93847,366,9,,0.544,0.752
118,Senate,40300,81,0,AK,200,,,"MURKOWSKI, Lisa",M001153,1957,,0.21,-0.316,-57.90149,0.85219,362,25,,0.197,-0.389
118,Senate,41500,81,0,AK,200,,,"SULLIVAN, Daniel Scott",S001198,1964,,0.484,0.107,-102.05406,0.75256,359,45,,0.482,0.376
118,Senate,41905,61,0,AZ,100,,,"KELLY, Mark Edward",K000377,1964,,-0.212,0.263,-24.36668,0.93402,357,11,,-0.335,0.172
118,Senate,91300,61,0,AZ,328,,,"SINEMA, Kyrsten",S001191,1976,,-0.25,0.479,-38.89444,0.90098,373,12,,-0.251,0.484
118,Senate,20101,42,0,AR,200,,,"BOOZMAN, John",B001236,1950,,0.426,0.335,-39.78361,0.897,366,9,,0.411,0.458
118,Senate,21301,42,0,AR,200,,,"COTTON, Tom",C001095,1977,,0.593,0.149,-39.15264,0.89775,363,18,,0.507,0.29
118,Senate,42104,71,0,CA,100,,,"PADILLA, Alejandro (Alex)",P000145,1973,,-0.387,-0.31,-10.52039,0.97039,350,3,,-0.35,-0.217
118,Senate,42305,71,0,CA,100,,,"BUTLER, Laphonza Romanique",B001320,1979,,-0.519,0.004,-2.81134,0.97924,134,0,,-0.537,0.037
118,Senate,49300,71,0,CA,100,,,"FEINSTEIN, Dianne",F000062,1933,2023.0,-0.268,-0.184,-4.04146,0.96661,119,1,,-0.432,0.037
118,Senate,40910,62,0,CO,100,,,"BENNET, Michael F.",B001267,1964,,-0.231,-0.163,-19.22969,0.94949,371,5,,-0.402,0.258
118,Senate,42101,62,0,CO,100,,,"HICKENLOOPER, John Wright",H000273,1952,,-0.241,-0.053,-15.8793,0.95708,362,4,,-0.277,0.073
118,Senate,20707,1,0,CT,100,,,"MURPHY, Christopher",M001169,1973,,-0.272,-0.206,-21.5495,0.94401,374,7,,-0.489,-0.186
118,Senate,41101,1,0,CT,100,,,"BLUMENTHAL, Richard",B001277,1946,,-0.436,-0.163,-5.455,0.98544,372,0,,-0.446,-0.033
118,Senate,15015,11,0,DE,100,,,"CARPER, Thomas Richard",C000174,1947,,-0.179,-0.226,-14.34744,0.96217,372,3,,-0.315,-0.219
118,Senate,40916,11,0,DE,100,,,"COONS, Christopher A.",C001088,1963,,-0.232,-0.211,-5.83201,0.98375,356,0,,-0.34,-0.073
118,Senate,41102,43,0,FL,200,,,"RUBIO, Marco",R000595,1971,,0.611,-0.168,-52.54616,0.86313,357,26,,0.621,-0.187
118,Senate,41903,43,0,FL,200,,,"SCOTT, Richard Lynn (Rick)",S001217,1952,,0.684,0.171,-40.84782,0.89273,360,21,,0.769,0.186
118,Senate,42103,44,0,GA,100,,,"OSSOFF, Thomas Jonathan (Jon)",O000174,1987,,-0.434,0.416,-15.16611,0.95952,367,5,,-0.336,0.164
118,Senate,42105,44,0,GA,100,,,"WARNOCK, Raphael Gamaliel",W000790,1969,,-0.412,0.343,-7.99831,0.97821,363,2,,-0.381,-0.002
118,Senate,20713,82,0,HI,100,,,"HIRONO, Mazie",H001042,1947,,-0.513,-0.083,-13.07241,0.96574,375,4,,-0.612,0.185
118,Senate,41112,82,0,HI,100,,,"SCHATZ, Brian Emanuel",S001194,1972,,-0.443,-0.103,-6.07883,0.98348,365,1,,-0.411,-0.084
118,Senate,29345,63,0,ID,200,,,"CRAPO, Michael Dean",C000880,1951,,0.504,0.294,-60.01575,0.84566,358,28,,0.543,0.385
118,Senate,40902,63,0,ID,200,,,"RISCH, James",R000584,1943,,0.552,0.402,-47.75765,0.86639,333,21,,0.55,0.44
118,Senate,15021,21,0,IL,100,,,"DURBIN, Richard Joseph",D000563,1944,,-0.348,-0.304,-10.05261,0.97026,333,6,,-0.382,-0.268
118,Senate,21325,21,0,IL,100,,,"DUCKWORTH, Tammy",D000622,1968,,-0.336,0.091,-8.67282,0.97671,368,3,,-0.408,-0.107
118,Senate,21133,22,0,IN,200,,,"YOUNG, Todd",Y000064,1972,,0.445,-0.047,-87.07414,0.7893,368,35,,0.356,0.088
118,Senate,41900,22,0,IN,200,,,"BRAUN, Michael",B001310,1954,,0.8,0.6,-67.30817,0.82817,357,29,,0.838,0.005
118,Senate,14226,31,0,IA,200,,,"GRASSLEY, Charles Ernest",G000386,1933,,0.358,-0.041,-99.40751,0.7644,370,48,,0.436,-0.14
118,Senate,41502,31,0,IA,200,,,"ERNST, Joni",E000295,1970,,0.531,-0.021,-61.22612,0.8444,362,26,,0.449,0.366
118,Senate,21734,32,0,KS,200,,,"MARSHALL, Roger Wayne",M001198,1960,,0.593,0.176,-76.54904,0.80749,358,36,,0.693,-0.102
118,Senate,29722,32,0,KS,200,,,"MORAN, Jerry",M000934,1954,,0.416,0.212,-64.91922,0.82711,342,37,,0.406,0.096
118,Senate,14921,51,0,KY,200,,,"McCONNELL, Addison Mitchell (Mitch)",M000355,1942,,0.404,0.02,-57.43654,0.84582,343,27,,0.382,0.066
118,Senate,41104,51,0,KY,200,,,"PAUL, Rand",P000603,1963,,0.891,-0.454,-84.95036,0.7898,360,41,,0.898,-0.44
118,Senate,20919,45,0,LA,200,,,"CASSIDY, Bill",C001075,1957,,0.467,-0.065,-95.29599,0.76629,358,46,,0.485,-0.09
118,Senate,41703,45,0,LA,200,,,"KENNEDY, John Neely",K000393,1951,,0.549,-0.108,-118.21076,0.7227,364,57,,0.504,-0.236
118,Senate,41300,2,0,ME,328,,,"KING, Angus Stanley, Jr.",K000383,1944,,-0.162,-0.2,-18.26184,0.95094,363,9,,-0.196,0.003
118,Senate,49703,2,0,ME,200,,,"COLLINS, Susan Margaret",C001035,1952,,0.118,-0.53,-44.63731,0.88778,375,25,,0.16,-0.473
118,Senate,15408,52,0,MD,100,,,"CARDIN, Benjamin Louis",C000141,1943,,-0.32,-0.227,-15.9552,0.95734,366,5,,-0.451,-0.23
118,Senate,20330,52,0,MD,100,,,"VAN HOLLEN, Christopher",V000128,1959,,-0.392,-0.208,-9.47992,0.9749,373,5,,-0.526,-0.091
118,Senate,14435,3,0,MA,100,,,"MARKEY, Edward John",M000133,1946,,-0.515,-0.465,-19.74218,0.94721,364,11,,-0.684,-0.729
118,Senate,41301,3,0,MA,100,,,"WARREN, Elizabeth",W000817,1949,,-0.749,-0.342,-13.47348,0.96452,373,5,,-0.7,-0.428
118,Senate,20923,23,0,MI,100,,,"PETERS, Gary C.",P000595,1958,,-0.246,-0.184,-10.98117,0.97091,372,4,,-0.247,-0.115
118,Senate,29732,23,0,MI,100,,,"STABENOW, Deborah Ann",S000770,1950,,-0.343,-0.017,-7.23449,0.98021,362,3,,-0.304,-0.208
118,Senate,40700,33,0,MN,100,,,"KLOBUCHAR, Amy",K000367,1960,,-0.283,-0.357,-16.27316,0.95709,371,6,,-0.226,-0.212
118,Senate,41706,33,0,MN,100,,,"SMITH, Tina",S001203,1958,,-0.396,-0.073,-6.76598,0.98168,366,1,,-0.377,-0.213
118,Senate,29534,46,0,MS,200,,,"WICKER, Roger F.",W000437,1951,,0.376,0.346,-52.9608,0.8673,372,26,,0.38,0.344
118,Senate,41707,46,0,MS,200,,,"HYDE-SMITH, Cindy",H001079,1959,,0.451,0.339,-46.05832,0.88053,362,22,,0.495,0.206
118,Senate,41901,34,0,MO,200,,,"HAWLEY, Joshua David",H001089,1979,,0.781,-0.223,-50.82727,0.86695,356,32,,0.953,-0.303
118,Senate,42303,34,0,MO,200,,,"SCHMITT, Eric Stephen",S001227,1975,,0.957,-0.164,-34.13886,0.91,362,18,,0.957,-0.165
118,Senate,21338,64,0,MT,200,,,"DAINES, Steve",D000618,1962,,0.588,-0.031,-51.49458,0.8674,362,27,,0.635,-0.05
118,Senate,40702,64,0,MT,100,,,"TESTER, Jon",T000464,1956,,-0.214,0.169,-36.71948,0.90672,375,19,,-0.2,0.271
118,Senate,41302,35,0,NE,200,,,"FISCHER, Debra (Deb)",F000463,1951,,0.465,0.306,-36.55952,0.9064,372,10,,0.491,0.412
118,Senate,42302,35,0,NE,200,,,"RICKETTS, John Peter (Pete)",R000618,1964,,0.393,0.741,-56.50261,0.85731,367,27,,0.385,0.761
118,Senate,21743,65,0,NV,100,,,"ROSEN, Jacklyn Sheryl",R000608,1957,,-0.288,0.321,-28.14317,0.9277,375,12,,-0.354,0.561
118,Senate,41700,65,0,NV,100,,,"CORTEZ MASTO, Catherine Marie",C001113,1964,,-0.36,0.321,-11.32141,0.97018,374,4,,-0.346,0.211
118,Senate,40906,4,0,NH,100,,,"SHAHEEN, Jeanne",S001181,1947,,-0.238,-0.135,-9.34884,0.97457,363,3,,-0.285,0.029
118,Senate,41702,4,0,NH,100,,,"HASSAN, Margaret (Maggie)",H001076,1958,,-0.234,0.022,-9.62807,0.97459,374,3,,-0.274,0.069
118,Senate,29373,12,0,NJ,100,,,"MENENDEZ, Robert",M000639,1954,,-0.366,-0.12,-29.58668,0.92275,368,8,,-0.284,-0.081
118,Senate,41308,12,0,NJ,100,,,"BOOKER, Cory Anthony",B001288,1969,,-0.58,-0.278,-15.1069,0.95834,355,7,,-0.486,-0.403
118,Senate,20930,66,0,NM,100,,,"HEINRICH, Martin",H001046,1971,,-0.33,-0.028,-13.47663,0.96414,369,4,,-0.356,-0.163
118,Senate,20932,66,0,NM,100,,,"LUJÁN, Ben Ray",L000570,1972,,-0.369,0.012,-16.02959,0.95782,372,6,,-0.428,-0.054
118,Senate,14858,13,0,NY,100,,,"SCHUMER, Charles Ellis (Chuck)",S000148,1950,,-0.355,-0.418,-25.92405,0.93268,372,7,,-0.208,-0.494
118,Senate,20735,13,0,NY,100,,,"GILLIBRAND, Kirsten",G000555,1966,,-0.469,-0.403,-13.292,0.96452,368,8,,-0.381,-0.138
118,Senate,21708,47,0,NC,200,,,"BUDD, Theodore Paul",B001305,1971,,0.634,-0.074,-44.30951,0.88419,360,22,,0.62,-0.038
118,Senate,41504,47,0,NC,200,,,"TILLIS, Thomas Roland (Thom)",T000476,1960,,0.395,-0.102,-77.18374,0.79367,334,37,,0.359,-0.071
118,Senate,21350,36,0,ND,200,,,"CRAMER, Kevin",C001096,1961,,0.4,0.383,-50.46436,0.86169,339,20,,0.45,0.237
118,Senate,41107,36,0,ND,200,,,"HOEVEN, John",H001061,1957,,0.395,0.453,-63.72314,0.84061,367,31,,0.505,0.386
118,Senate,29389,24,0,OH,100,,,"BROWN, Sherrod",B000944,1952,,-0.426,-0.102,-28.06562,0.92676,369,10,,-0.28,0.105
118,Senate,42304,24,0,OH,200,,,"VANCE, James David",V000137,1984,,0.845,-0.534,-61.90832,0.8416,359,33,,0.843,-0.537
118,Senate,21166,53,0,OK,200,,,"LANKFORD, James",L000575,1968,,0.6,0.137,-56.50742,0.85907,372,28,,0.564,0.039
118,Senate,21355,53,0,OK,200,,,"MULLIN, Markwayne",M001190,1977,,0.538,0.218,-53.4833,0.86194,360,22,,0.502,0.293
118,Senate,14871,72,0,OR,100,,,"WYDEN, Ronald Lee",W000779,1949,,-0.33,-0.482,-15.59465,0.95916,374,9,,-0.357,-0.655
118,Senate,40908,72,0,OR,100,,,"MERKLEY, Jeff",M001176,1956,,-0.445,-0.734,-30.18554,0.91957,360,10,,-0.409,-0.854
118,Senate,40703,14,0,PA,100,,,"CASEY, Robert (Bob), Jr.",C001070,1960,,-0.313,0.165,-7.76651,0.97848,357,1,,-0.29,-0.061
118,Senate,42301,14,0,PA,100,,,"FETTERMAN, John Karl",F000479,1969,,-0.312,-0.005,-12.34987,0.95788,287,4,,-0.315,0.006
118,Senate,29142,5,0,RI,100,,,"REED, John F. (Jack)",R000122,1949,,-0.367,-0.173,-6.13054,0.98378,375,2,,-0.369,-0.151
118,Senate,40704,5,0,RI,100,,,"WHITEHOUSE, Sheldon",W000802,1955,,-0.355,-0.086,-5.23278,0.98577,365,1,,-0.406,-0.053
118,Senate,21173,48,0,SC,200,,,"SCOTT, Tim",S001184,1965,,0.63,-0.001,-31.77092,0.88621,263,8,,0.643,0.086
118,Senate,29566,48,0,SC,200,,,"GRAHAM, Lindsey O.",G000359,1955,,0.37,-0.276,-145.11365,0.66293,353,80,,0.321,-0.374
118,Senate,29754,37,0,SD,200,,,"THUNE, John",T000250,1961,,0.429,0.223,-52.37939,0.86964,375,21,,0.38,0.641
118,Senate,41505,37,0,SD,200,,,"ROUNDS, Marion Michael (Mike)",R000605,1954,,0.349,0.099,-75.57859,0.81297,365,24,,0.258,0.304
118,Senate,20351,54,0,TN,200,,,"BLACKBURN, Marsha",B001243,1952,,0.628,0.151,-36.03482,0.90373,356,12,,0.665,0.138
118,Senate,42100,54,0,TN,200,,,"HAGERTY, William Francis (Bill)",H000601,1959,,0.677,-0.096,-38.63361,0.89406,345,14,,0.628,0.084
118,Senate,40305,49,0,TX,200,,,"CORNYN, John",C001056,1952,,0.471,-0.079,-65.72107,0.83481,364,31,,0.44,0.016
118,Senate,41304,49,0,TX,200,,,"CRUZ, Rafael Edward (Ted)",C001098,1970,,0.79,-0.195,-48.70598,0.86653,340,26,,0.681,0.018
118,Senate,41110,67,0,UT,200,,,"LEE, Mike",L000577,1971,,0.891,-0.454,-55.40991,0.85397,351,37,,0.882,-0.472
118,Senate,41902,67,0,UT,200,,,"ROMNEY, Willard Mitt (Mitt)",R000615,1947,,0.288,0.309,-59.20441,0.84874,361,21,,0.268,0.394
118,Senate,20750,6,0,VT,100,,,"WELCH, Peter",W000800,1947,,-0.41,-0.377,-20.53146,0.94545,366,12,,-0.521,-0.626
118,Senate,29147,6,0,VT,328,,,"SANDERS, Bernard",S000033,1941,,-0.542,-0.404,-73.91114,0.80306,337,27,,-0.864,-0.504
118,Senate,40909,40,0,VA,100,,,"WARNER, Mark",W000805,1954,,-0.206,-0.053,-11.20113,0.97018,370,4,,-0.302,0.001
118,Senate,41305,40,0,VA,100,,,"KAINE, Timothy Michael (Tim)",K000384,1958,,-0.245,-0.066,-14.76995,0.96128,374,5,,-0.257,-0.13
118,Senate,39310,73,0,WA,100,,,"CANTWELL, Maria E.",C000127,1958,,-0.305,-0.407,-8.83005,0.97629,368,2,,-0.391,-0.094
118,Senate,49308,73,0,WA,100,,,"MURRAY, Patty",M001111,1950,,-0.352,-0.303,-5.93244,0.98401,368,1,,-0.339,-0.15
118,Senate,20146,56,0,WV,200,,,"CAPITO, Shelley Moore",C001047,1953,,0.278,0.132,-65.44045,0.83627,366,18,,0.296,0.325
118,Senate,40915,56,0,WV,100,,,"MANCHIN, Joe, III",M001183,1947,,-0.057,0.399,-57.18142,0.85572,367,13,,-0.024,0.292
118,Senate,29940,25,0,WI,100,,,"BALDWIN, Tammy",B001230,1962,,-0.492,-0.133,-21.92172,0.94277,372,9,,-0.348,-0.206
118,Senate,41111,25,0,WI,200,,,"JOHNSON, Ron",J000293,1955,,0.636,-0.14,-42.81524,0.88845,362,14,,0.699,-0.01
118,Senate,20953,68,0,WY,200,,,"LUMMIS, Cynthia M.",L000571,1954,,0.693,-0.338,-51.55849,0.8623,348,27,,0.687,-0.155
118,Senate,40707,68,0,WY,200,,,"BARRASSO, John A.",B001261,1952,,0.537,0.222,-19.8799,0.93193,282,3,,0.514,0.362
